{"cameraMode":{"drawMode":0,"name":"Shaded","section":"Shading Mode"},"sceneLighting":false,"audioPlay":false,"sceneViewState":{"showFog":true,"showMaterialUpdate":false,"showSkybox":true,"showFlares":true,"showImageEffects":true,"showParticleSystems":true},"in2DMode":false,"pivot":{"x":-0.31638526916503909,"y":1.6249802112579346,"z":0.6830097436904907},"rotation":{"x":-0.0019716594833880665,"y":0.7535826563835144,"z":0.002261664718389511,"w":0.6573463082313538},"size":7.561359405517578,"orthographic":false}