{"cameraMode":{"drawMode":0,"name":"Shaded","section":"Shading Mode"},"sceneLighting":true,"audioPlay":false,"sceneViewState":{"showFog":true,"showMaterialUpdate":false,"showSkybox":true,"showFlares":true,"showImageEffects":true,"showParticleSystems":true},"in2DMode":false,"pivot":{"x":56.15400695800781,"y":64.34479522705078,"z":95.30570220947266},"rotation":{"x":-0.027743343263864518,"y":0.38001731038093569,"z":0.011404057964682579,"w":0.9244928956031799},"size":10.029521942138672,"orthographic":false}