{"cameraMode":{"drawMode":0,"name":"Shaded","section":"Shading Mode"},"sceneLighting":false,"audioPlay":false,"sceneViewState":{"showFog":true,"showMaterialUpdate":false,"showSkybox":true,"showFlares":true,"showImageEffects":true,"showParticleSystems":true},"in2DMode":false,"pivot":{"x":0.43154895305633547,"y":2.080583333969116,"z":0.24065351486206056},"rotation":{"x":-0.22664180397987367,"y":-0.278211772441864,"z":0.06773240864276886,"w":-0.9309371709823608},"size":17.915260314941408,"orthographic":false}