{"cameraMode":{"drawMode":0,"name":"Shaded","section":"Shading Mode"},"sceneLighting":true,"audioPlay":false,"sceneViewState":{"showFog":true,"showMaterialUpdate":false,"showSkybox":true,"showFlares":true,"showImageEffects":true,"showParticleSystems":true},"in2DMode":false,"pivot":{"x":102.88066864013672,"y":65.87324523925781,"z":162.69561767578126},"rotation":{"x":-0.24482373893260957,"y":-0.42443597316741946,"z":0.12035489082336426,"w":-0.8633829355239868},"size":125.63058471679688,"orthographic":false}